1,O1B,02,40,567461.049809,4315266.03543,0,0,154,2.76,0,2,0
1,O1B,04,40,567466.042362,4315261.85244,0,0,154,2.76,0,2,0
1,O1B,06,40,567471.034915,4315257.66945,0,0,154,2.76,0,2,0
1,O1B,08,40,567476.027468,4315253.48646,0,0,154,2.76,0,2,0
1,O1B,12,40,567486.012574,4315245.12047,0,0,154,2.76,0,2,0
1,O1B,14,40,567491.005127,4315240.93748,0,0,154,2.76,0,2,0
1,O1B,16,40,567495.997679,4315236.75448,0,0,154,2.76,0,2,0
1,O1B,18,40,567500.990232,4315232.57149,0,0,154,2.76,0,2,0
1,O1B,20,40,567505.982785,4315228.3885,0,0,154,2.76,0,2,0
1,O1B,10,40,567481.020021,4315249.30346,0,0,154,2.76,0,2,0
1,O1B,22,40,567510.89394,4315224.27371,0,0,154,2.76,0,2,0
1,O1B,24,40,567515.805153,4315220.15886,0,0,154,2.76,0,2,0
1,O1B,26,40,567520.716366,4315216.04402,0,0,154,2.76,0,2,0
1,O1B,28,40,567525.627578,4315211.92918,0,0,154,2.76,0,2,0
1,O1B,30,40,567530.538791,4315207.81434,0,0,154,2.76,0,2,0
1,O1B,32,40,567535.403273,4315203.73865,0,0,154,2.76,0,2,0
1,O1B,34,40,567540.267776,4315199.66294,0,0,154,2.76,0,2,0
1,O1B,36,40,567545.132278,4315195.58723,0,0,154,2.76,0,2,0
1,O1B,38,40,567549.996781,4315191.51153,0,0,154,2.76,0,2,0
1,O1B,40,40,567554.861283,4315187.43582,0,0,154,2.76,0,2,0
1,O1B,42,40,567559.765211,4315183.32708,0,0,154,2.76,0,2,0
1,O1B,44,40,567564.66923,4315179.21827,0,0,154,2.76,0,2,0
1,O1B,46,40,567569.573248,4315175.10945,0,0,154,2.76,0,2,0
1,O1B,48,40,567574.477266,4315171.00064,0,0,154,2.76,0,2,0
1,O1B,50,40,567579.381284,4315166.89183,0,0,154,2.76,0,2,0
1,O1B,52,40,567584.482536,4315162.61776,0,0,154,2.76,0,2,0
1,O1B,54,40,567589.593671,4315158.33541,0,0,154,2.76,0,2,0
1,O1B,56,40,567594.704806,4315154.05307,0,0,154,2.76,0,2,0
1,O1B,58,40,567599.815941,4315149.77072,0,0,154,2.76,0,2,0
1,O1B,60,40,567604.927076,4315145.48837,0,0,154,2.76,0,2,0
1,O1B,62,40,567610.038211,4315141.20603,0,0,154,2.76,0,2,0
1,O2B,02,40,567424.425835,4315221.47366,0,0,13,0,0,2,1
1,O2B,04,40,567429.382982,4315217.32496,0,0,13,0,0,2,1
1,O2B,06,40,567434.34013,4315213.17625,0,0,13,0,0,2,1
1,O2B,08,40,567439.297277,4315209.02754,0,0,13,0,0,2,1
1,O2B,12,40,567449.211572,4315200.73012,0,0,13,0,0,2,1
1,O2B,14,40,567454.16872,4315196.58142,0,0,13,0,0,2,1
1,O2B,16,40,567459.125867,4315192.43271,0,0,13,0,0,2,1
1,O2B,18,40,567464.083015,4315188.284,0,0,13,0,0,2,1
1,O2B,20,40,567469.040162,4315184.13529,0,0,13,0,0,2,1
1,O2B,10,40,567444.254425,4315204.87883,0,0,13,0,0,2,1
1,O2B,22,40,567474.143805,4315179.86398,0,0,13,0,0,2,1
1,O2B,24,40,567479.247677,4315175.59248,0,0,13,0,0,2,1
1,O2B,26,40,567484.351548,4315171.32097,0,0,13,0,0,2,1
1,O2B,28,40,567489.45542,4315167.04947,0,0,13,0,0,2,1
1,O2B,30,40,567494.559292,4315162.77796,0,0,13,0,0,2,1
1,O2B,32,40,567499.305085,4315158.80614,0,0,13,0,0,2,1
1,O2B,34,40,567504.05313,4315154.83243,0,0,13,0,0,2,1
1,O2B,36,40,567508.801175,4315150.85873,0,0,13,0,0,2,1
1,O2B,38,40,567513.54922,4315146.88502,0,0,13,0,0,2,1
1,O2B,40,40,567518.297265,4315142.91131,0,0,13,0,0,2,1
1,O2B,42,40,567523.244989,4315138.77049,0,0,13,0,0,2,1
1,O2B,44,40,567528.195141,4315134.62764,0,0,13,0,0,2,1
1,O2B,46,40,567533.145293,4315130.48478,0,0,13,0,0,2,1
1,O2B,48,40,567538.095446,4315126.34193,0,0,13,0,0,2,1
1,O2B,50,40,567543.045598,4315122.19908,0,0,13,0,0,2,1
1,O2B,52,40,567547.987339,4315118.06326,0,0,13,0,0,2,1
1,O2B,54,40,567552.929096,4315113.92743,0,0,13,0,0,2,1
1,O2B,56,40,567557.870853,4315109.79161,0,0,13,0,0,2,1
1,O2B,58,40,567562.81261,4315105.65578,0,0,13,0,0,2,1
1,O2B,60,40,567567.754366,4315101.51995,0,0,13,0,0,2,1
1,O2B,62,40,567572.696123,4315097.38412,0,0,13,0,0,2,1
1,O3B,02,40,567410.856627,4315203.63274,0,0,156,2.66,0,2,0
1,O3B,04,40,567415.683587,4315199.59428,0,0,156,2.66,0,2,0
1,O3B,06,40,567420.510548,4315195.55581,0,0,156,2.66,0,2,0
1,O3B,08,40,567425.337508,4315191.51734,0,0,156,2.66,0,2,0
1,O3B,12,40,567434.991429,4315183.4404,0,0,156,2.66,0,2,0
1,O3B,14,40,567439.81839,4315179.40193,0,0,156,2.66,0,2,0
1,O3B,16,40,567444.64535,4315175.36346,0,0,156,2.66,0,2,0
1,O3B,18,40,567449.47231,4315171.32499,0,0,156,2.66,0,2,0
1,O3B,20,40,567454.299271,4315167.28652,0,0,156,2.66,0,2,0
1,O3B,10,40,567430.164469,4315187.47887,0,0,156,2.66,0,2,0
1,O3B,22,40,567459.262318,4315163.1342,0,0,156,2.66,0,2,0
1,O3B,24,40,567464.263754,4315158.94975,0,0,156,2.66,0,2,0
1,O3B,26,40,567469.26519,4315154.76531,0,0,156,2.66,0,2,0
1,O3B,28,40,567474.266626,4315150.58087,0,0,156,2.66,0,2,0
1,O3B,30,40,567479.268062,4315146.39642,0,0,156,2.66,0,2,0
1,O3B,32,40,567484.248383,4315142.22965,0,0,156,2.66,0,2,0
1,O3B,34,40,567489.248379,4315138.04641,0,0,156,2.66,0,2,0
1,O3B,36,40,567494.248374,4315133.86317,0,0,156,2.66,0,2,0
1,O3B,38,40,567499.24837,4315129.67993,0,0,156,2.66,0,2,0
1,O3B,40,40,567504.248365,4315125.49669,0,0,156,2.66,0,2,0
1,O3B,42,40,567509.143746,4315121.40098,0,0,156,2.66,0,2,0
1,O3B,44,40,567514.039325,4315117.3051,0,0,156,2.66,0,2,0
1,O3B,46,40,567518.934905,4315113.20922,0,0,156,2.66,0,2,0
1,O3B,48,40,567523.830485,4315109.11334,0,0,156,2.66,0,2,0
1,O3B,50,40,567528.726064,4315105.01746,0,0,156,2.66,0,2,0
1,O3B,52,40,567533.622838,4315100.92058,0,0,156,2.66,0,2,0
1,O3B,54,40,567538.519713,4315096.82362,0,0,156,2.66,0,2,0
1,O3B,56,40,567543.416588,4315092.72666,0,0,156,2.66,0,2,0
1,O3B,58,40,567548.313462,4315088.6297,0,0,156,2.66,0,2,0
1,O3B,60,40,567553.210337,4315084.53273,0,0,156,2.66,0,2,0
1,O3B,62,40,567558.107212,4315080.43577,0,0,156,2.66,0,2,0
1,O4B,02,40,567374.578071,4315163.02004,0,0,158,0,0,2,0
1,O4B,04,40,567379.590426,4315158.82419,0,0,158,0,0,2,0
1,O4B,06,40,567384.602781,4315154.62834,0,0,158,0,0,2,0
1,O4B,08,40,567389.615136,4315150.43248,0,0,158,0,0,2,0
1,O4B,12,40,567399.639845,4315142.04078,0,0,158,0,0,2,0
1,O4B,14,40,567404.6522,4315137.84493,0,0,158,0,0,2,0
1,O4B,16,40,567409.664555,4315133.64907,0,0,158,0,0,2,0
1,O4B,18,40,567414.67691,4315129.45322,0,0,158,0,0,2,0
1,O4B,20,40,567419.689264,4315125.25737,0,0,158,0,0,2,0
1,O4B,10,40,567394.62749,4315146.23663,0,0,158,0,0,2,0
1,O4B,22,40,567424.558789,4315121.18108,0,0,158,0,0,2,0
1,O4B,24,40,567429.429017,4315117.1042,0,0,158,0,0,2,0
1,O4B,26,40,567434.299245,4315113.02732,0,0,158,0,0,2,0
1,O4B,28,40,567439.169473,4315108.95045,0,0,158,0,0,2,0
1,O4B,30,40,567444.039701,4315104.87357,0,0,158,0,0,2,0
1,O4B,32,40,567449.038532,4315100.68904,0,0,158,0,0,2,0
1,O4B,34,40,567454.037374,4315096.5045,0,0,158,0,0,2,0
1,O4B,36,40,567459.036216,4315092.31996,0,0,158,0,0,2,0
1,O4B,38,40,567464.035058,4315088.13541,0,0,158,0,0,2,0
1,O4B,40,40,567469.033899,4315083.95087,0,0,158,0,0,2,0
1,O4B,42,40,567474.015702,4315079.7806,0,0,158,0,0,2,0
1,O4B,44,40,567478.997829,4315075.61005,0,0,158,0,0,2,0
1,O4B,46,40,567483.979955,4315071.4395,0,0,158,0,0,2,0
1,O4B,48,40,567488.962082,4315067.26895,0,0,158,0,0,2,0
1,O4B,50,40,567493.944209,4315063.0984,0,0,158,0,0,2,0
1,O4B,52,40,567498.789781,4315059.04216,0,0,158,0,0,2,0
1,O4B,54,40,567503.635422,4315054.98587,0,0,158,0,0,2,0
1,O4B,56,40,567508.481063,4315050.92957,0,0,158,0,0,2,0
1,O4B,58,40,567513.326703,4315046.87328,0,0,158,0,0,2,0
1,O4B,60,40,567518.172344,4315042.81698,0,0,158,0,0,2,0
1,O4B,62,40,567523.017984,4315038.76069,0,0,158,0,0,2,0
1,O5B,02,40,567361.129445,4315144.85009,0,0,159,0,0,2,0
1,O5B,04,40,567365.998891,4315140.77795,0,0,159,0,0,2,0
1,O5B,06,40,567370.868337,4315136.70581,0,0,159,0,0,2,0
1,O5B,08,40,567375.737783,4315132.63368,0,0,159,0,0,2,0
1,O5B,12,40,567385.476675,4315124.4894,0,0,159,0,0,2,0
1,O5B,14,40,567390.346121,4315120.41726,0,0,159,0,0,2,0
1,O5B,16,40,567395.215567,4315116.34512,0,0,159,0,0,2,0
1,O5B,18,40,567400.085013,4315112.27298,0,0,159,0,0,2,0
1,O5B,20,40,567404.95446,4315108.20085,0,0,159,0,0,2,0
1,O5B,10,40,567380.607229,4315128.56154,0,0,159,0,0,2,0
1,O5B,22,40,567409.891209,4315104.07242,0,0,159,0,0,2,0
1,O5B,24,40,567414.828067,4315099.94391,0,0,159,0,0,2,0
1,O5B,26,40,567419.764926,4315095.8154,0,0,159,0,0,2,0
1,O5B,28,40,567424.701785,4315091.68689,0,0,159,0,0,2,0
1,O5B,30,40,567429.638643,4315087.55837,0,0,159,0,0,2,0
1,O5B,32,40,567434.664609,4315083.35534,0,0,159,0,0,2,0
1,O5B,34,40,567439.690779,4315079.15214,0,0,159,0,0,2,0
1,O5B,36,40,567444.71695,4315074.94894,0,0,159,0,0,2,0
1,O5B,38,40,567449.74312,4315070.74574,0,0,159,0,0,2,0
1,O5B,40,40,567454.76929,4315066.54254,0,0,159,0,0,2,0
1,O5B,42,40,567459.385868,4315062.68187,0,0,159,0,0,2,0
1,O5B,44,40,567464.002818,4315058.82088,0,0,159,0,0,2,0
1,O5B,46,40,567468.619769,4315054.9599,0,0,159,0,0,2,0
1,O5B,48,40,567473.236719,4315051.09891,0,0,159,0,0,2,0
1,O5B,50,40,567477.85367,4315047.23792,0,0,159,0,0,2,0
1,O5B,52,40,567482.47062,4315043.37694,0,0,159,0,0,2,0
1,O5B,54,40,567487.087571,4315039.51595,0,0,159,0,0,2,0
1,O5B,56,40,567491.704522,4315035.65497,0,0,159,0,0,2,0
1,O5B,58,40,567496.321472,4315031.79398,0,0,159,0,0,2,0
1,O5B,60,40,567500.938423,4315027.933,0,0,159,0,0,2,0
1,O5B,62,40,567505.555373,4315024.07201,0,0,159,0,0,2,0
1,O1E,02,40,568101.811896,4314729.99628,0,0,157,4.96,0,2,0
1,O1E,04,40,568106.789702,4314725.82971,0,0,157,4.96,0,2,0
1,O1E,06,40,568111.767509,4314721.66313,0,0,157,4.96,0,2,0
1,O1E,08,40,568116.745316,4314717.49655,0,0,157,4.96,0,2,0
1,O1E,12,40,568126.700929,4314709.1634,0,0,157,4.96,0,2,0
1,O1E,14,40,568131.678736,4314704.99682,0,0,157,4.96,0,2,0
1,O1E,16,40,568136.656542,4314700.83025,0,0,157,4.96,0,2,0
1,O1E,18,40,568141.634349,4314696.66367,0,0,157,4.96,0,2,0
1,O1E,20,40,568146.612156,4314692.49709,0,0,157,4.96,0,2,0
1,O1E,10,40,568121.723122,4314713.32998,0,0,157,4.96,0,2,0
1,O1E,22,40,568151.5491,4314688.36472,0,0,157,4.96,0,2,0
1,O1E,24,40,568156.486734,4314684.23177,0,0,157,4.96,0,2,0
1,O1E,26,40,568161.424369,4314680.09882,0,0,157,4.96,0,2,0
1,O1E,28,40,568166.362003,4314675.96586,0,0,157,4.96,0,2,0
1,O1E,30,40,568171.299637,4314671.83291,0,0,157,4.96,0,2,0
1,O1E,32,40,568176.204319,4314667.72754,0,0,157,4.96,0,2,0
1,O1E,34,40,568181.109069,4314663.62212,0,0,157,4.96,0,2,0
1,O1E,36,40,568186.01382,4314659.51669,0,0,157,4.96,0,2,0
1,O1E,38,40,568190.91857,4314655.41126,0,0,157,4.96,0,2,0
1,O1E,40,40,568195.823321,4314651.30584,0,0,157,4.96,0,2,0
1,O1E,42,40,568200.854299,4314647.09475,0,0,157,4.96,0,2,0
1,O1E,44,40,568205.885324,4314642.88363,0,0,157,4.96,0,2,0
1,O1E,46,40,568210.916348,4314638.67251,0,0,157,4.96,0,2,0
1,O1E,48,40,568215.947372,4314634.46139,0,0,157,4.96,0,2,0
1,O1E,50,40,568220.978397,4314630.25027,0,0,157,4.96,0,2,0
1,O1E,52,40,568225.899876,4314626.13084,0,0,157,4.96,0,2,0
1,O1E,54,40,568230.821494,4314622.01129,0,0,157,4.96,0,2,0
1,O1E,56,40,568235.743111,4314617.89175,0,0,157,4.96,0,2,0
1,O1E,58,40,568240.664729,4314613.7722,0,0,157,4.96,0,2,0
1,O1E,60,40,568245.586346,4314609.65266,0,0,157,4.96,0,2,0
1,O1E,62,40,568250.507963,4314605.53311,0,0,157,4.96,0,2,0
1,O2E,02,40,568065.363557,4314685.20409,0,0,153,1.2660,0,2,0
1,O2E,04,40,568070.338041,4314681.04487,0,0,153,1.2660,0,2,0
1,O2E,06,40,568075.312526,4314676.88564,0,0,153,1.2660,0,2,0
1,O2E,08,40,568080.28701,4314672.72642,0,0,153,1.2660,0,2,0
1,O2E,12,40,568090.23598,4314664.40797,0,0,153,1.2660,0,2,0
1,O2E,14,40,568095.210464,4314660.24874,0,0,153,1.2660,0,2,0
1,O2E,16,40,568100.184949,4314656.08952,0,0,153,1.2660,0,2,0
1,O2E,18,40,568105.159433,4314651.9303,0,0,153,1.2660,0,2,0
1,O2E,20,40,568110.133918,4314647.77107,0,0,153,1.2660,0,2,0
1,O2E,10,40,568085.261495,4314668.56719,0,0,153,1.2660,0,2,0
1,O2E,22,40,568115.043064,4314643.66329,0,0,153,1.2660,0,2,0
1,O2E,24,40,568119.952276,4314639.55545,0,0,153,1.2660,0,2,0
1,O2E,26,40,568124.861487,4314635.44762,0,0,153,1.2660,0,2,0
1,O2E,28,40,568129.770699,4314631.33978,0,0,153,1.2660,0,2,0
1,O2E,30,40,568134.67991,4314627.23195,0,0,153,1.2660,0,2,0
1,O2E,32,40,568139.607971,4314623.10641,0,0,153,1.2660,0,2,0
1,O2E,34,40,568144.536672,4314618.98033,0,0,153,1.2660,0,2,0
1,O2E,36,40,568149.465374,4314614.85426,0,0,153,1.2660,0,2,0
1,O2E,38,40,568154.394076,4314610.72818,0,0,153,1.2660,0,2,0
1,O2E,40,40,568159.322777,4314606.60211,0,0,153,1.2660,0,2,0
1,O2E,42,40,568164.260573,4314602.46774,0,0,153,1.2660,0,2,0
1,O2E,44,40,568169.198437,4314598.33331,0,0,153,1.2660,0,2,0
1,O2E,46,40,568174.1363,4314594.19889,0,0,153,1.2660,0,2,0
1,O2E,48,40,568179.074164,4314590.06446,0,0,153,1.2660,0,2,0
1,O2E,50,40,568184.012028,4314585.93003,0,0,153,1.2660,0,2,0
1,O2E,52,40,568188.939109,4314581.80521,0,0,153,1.2660,0,2,0
1,O2E,54,40,568193.866571,4314577.68007,0,0,153,1.2660,0,2,0
1,O2E,56,40,568198.794033,4314573.55494,0,0,153,1.2660,0,2,0
1,O2E,58,40,568203.721496,4314569.4298,0,0,153,1.2660,0,2,0
1,O2E,60,40,568208.648958,4314565.30466,0,0,153,1.2660,0,2,0
1,O2E,62,40,568213.57642,4314561.17952,0,0,153,1.2660,0,2,0
1,O3E,02,40,568049.708478,4314669.37767,0,0,152,5.05,0,2,0
1,O3E,04,40,568054.776363,4314665.13527,0,0,152,5.05,0,2,0
1,O3E,06,40,568059.844249,4314660.89288,0,0,152,5.05,0,2,0
1,O3E,08,40,568064.912134,4314656.65048,0,0,152,5.05,0,2,0
1,O3E,12,40,568075.047905,4314648.16569,0,0,152,5.05,0,2,0
1,O3E,14,40,568080.115791,4314643.92329,0,0,152,5.05,0,2,0
1,O3E,16,40,568085.183676,4314639.68089,0,0,152,5.05,0,2,0
1,O3E,18,40,568090.251562,4314635.4385,0,0,152,5.05,0,2,0
1,O3E,20,40,568095.319447,4314631.1961,0,0,152,5.05,0,2,0
1,O3E,10,40,568069.98002,4314652.40808,0,0,152,5.05,0,2,0
1,O3E,22,40,568100.29403,4314627.03181,0,0,152,5.05,0,2,0
1,O3E,24,40,568105.269697,4314622.86661,0,0,152,5.05,0,2,0
1,O3E,26,40,568110.245365,4314618.70141,0,0,152,5.05,0,2,0
1,O3E,28,40,568115.221032,4314614.53621,0,0,152,5.05,0,2,0
1,O3E,30,40,568120.196699,4314610.37101,0,0,152,5.05,0,2,0
1,O3E,32,40,568125.248188,4314606.14234,0,0,152,5.05,0,2,0
1,O3E,34,40,568130.300347,4314601.91311,0,0,152,5.05,0,2,0
1,O3E,36,40,568135.352506,4314597.68387,0,0,152,5.05,0,2,0
1,O3E,38,40,568140.404665,4314593.45464,0,0,152,5.05,0,2,0
1,O3E,40,40,568145.456824,4314589.22541,0,0,152,5.05,0,2,0
1,O3E,42,40,568150.193076,4314585.26063,0,0,152,5.05,0,2,0
1,O3E,44,40,568154.930812,4314581.2946,0,0,152,5.05,0,2,0
1,O3E,46,40,568159.668549,4314577.32858,0,0,152,5.05,0,2,0
1,O3E,48,40,568164.406285,4314573.36255,0,0,152,5.05,0,2,0
1,O3E,50,40,568169.144021,4314569.39653,0,0,152,5.05,0,2,0
1,O3E,52,40,568174.189526,4314565.17287,0,0,152,5.05,0,2,0
1,O3E,54,40,568179.236873,4314560.94766,0,0,152,5.05,0,2,0
1,O3E,56,40,568184.28422,4314556.72246,0,0,152,5.05,0,2,0
1,O3E,58,40,568189.331567,4314552.49726,0,0,152,5.05,0,2,0
1,O3E,60,40,568194.378914,4314548.27205,0,0,152,5.05,0,2,0
1,O3E,62,40,568199.426261,4314544.04685,0,0,152,5.05,0,2,0
1,O4E,02,40,568016.516239,4314625.81418,0,0,151,4.22,0,2,0
1,O4E,04,40,568021.38049,4314621.74498,0,0,151,4.22,0,2,0
1,O4E,06,40,568026.244742,4314617.67578,0,0,151,4.22,0,2,0
1,O4E,08,40,568031.108993,4314613.60658,0,0,151,4.22,0,2,0
1,O4E,12,40,568040.837496,4314605.46817,0,0,151,4.22,0,2,0
1,O4E,14,40,568045.701747,4314601.39897,0,0,151,4.22,0,2,0
1,O4E,16,40,568050.565999,4314597.32977,0,0,151,4.22,0,2,0
1,O4E,18,40,568055.43025,4314593.26057,0,0,151,4.22,0,2,0
1,O4E,20,40,568060.294501,4314589.19137,0,0,151,4.22,0,2,0
1,O4E,10,40,568035.973244,4314609.53738,0,0,151,4.22,0,2,0
1,O4E,22,40,568065.326234,4314584.98206,0,0,151,4.22,0,2,0
1,O4E,24,40,568070.358806,4314580.77205,0,0,151,4.22,0,2,0
1,O4E,26,40,568075.391379,4314576.56204,0,0,151,4.22,0,2,0
1,O4E,28,40,568080.423952,4314572.35202,0,0,151,4.22,0,2,0
1,O4E,30,40,568085.456525,4314568.14201,0,0,151,4.22,0,2,0
1,O4E,32,40,568090.309082,4314564.08259,0,0,151,4.22,0,2,0
1,O4E,34,40,568095.161744,4314560.02309,0,0,151,4.22,0,2,0
1,O4E,36,40,568100.014407,4314555.96358,0,0,151,4.22,0,2,0
1,O4E,38,40,568104.86707,4314551.90407,0,0,151,4.22,0,2,0
1,O4E,40,40,568109.719732,4314547.84457,0,0,151,4.22,0,2,0
1,O4E,42,40,568114.65674,4314543.7145,0,0,151,4.22,0,2,0
1,O4E,44,40,568119.593799,4314539.58439,0,0,151,4.22,0,2,0
1,O4E,46,40,568124.530859,4314535.45428,0,0,151,4.22,0,2,0
1,O4E,48,40,568129.467918,4314531.32417,0,0,151,4.22,0,2,0
1,O4E,50,40,568134.404978,4314527.19406,0,0,151,4.22,0,2,0
1,O4E,52,40,568139.412962,4314523.00462,0,0,151,4.22,0,2,0
1,O4E,54,40,568144.421222,4314518.81495,0,0,151,4.22,0,2,0
1,O4E,56,40,568149.429482,4314514.62528,0,0,151,4.22,0,2,0
1,O4E,58,40,568154.437742,4314510.4356,0,0,151,4.22,0,2,0
1,O4E,60,40,568159.446002,4314506.24593,0,0,151,4.22,0,2,0
1,O4E,62,40,568164.454262,4314502.05626,0,0,151,4.22,0,2,0
1,O5E,02,40,568000.946712,4314609.71768,0,0,150,4.97,0,2,0
1,O5E,04,40,568005.910539,4314605.56479,0,0,150,4.97,0,2,0
1,O5E,06,40,568010.874366,4314601.41191,0,0,150,4.97,0,2,0
1,O5E,08,40,568015.838193,4314597.25902,0,0,150,4.97,0,2,0
1,O5E,12,40,568025.765847,4314588.95324,0,0,150,4.97,0,2,0
1,O5E,14,40,568030.729674,4314584.80036,0,0,150,4.97,0,2,0
1,O5E,16,40,568035.693501,4314580.64747,0,0,150,4.97,0,2,0
1,O5E,18,40,568040.657328,4314576.49458,0,0,150,4.97,0,2,0
1,O5E,20,40,568045.621155,4314572.34169,0,0,150,4.97,0,2,0
1,O5E,10,40,568020.80202,4314593.10613,0,0,150,4.97,0,2,0
1,O5E,22,40,568050.52938,4314568.23532,0,0,150,4.97,0,2,0
1,O5E,24,40,568055.437645,4314564.12892,0,0,150,4.97,0,2,0
1,O5E,26,40,568060.345909,4314560.02252,0,0,150,4.97,0,2,0
1,O5E,28,40,568065.254174,4314555.91611,0,0,150,4.97,0,2,0
1,O5E,30,40,568070.162439,4314551.80971,0,0,150,4.97,0,2,0
1,O5E,32,40,568075.29287,4314547.51744,0,0,150,4.97,0,2,0
1,O5E,34,40,568080.423427,4314543.22506,0,0,150,4.97,0,2,0
1,O5E,36,40,568085.553983,4314538.93268,0,0,150,4.97,0,2,0
1,O5E,38,40,568090.684539,4314534.6403,0,0,150,4.97,0,2,0
1,O5E,40,40,568095.815095,4314530.34792,0,0,150,4.97,0,2,0
1,O5E,42,40,568100.341186,4314526.56126,0,0,150,4.97,0,2,0
1,O5E,44,40,568104.868213,4314522.77381,0,0,150,4.97,0,2,0
1,O5E,46,40,568109.39524,4314518.98636,0,0,150,4.97,0,2,0
1,O5E,48,40,568113.922268,4314515.19891,0,0,150,4.97,0,2,0
1,O5E,50,40,568118.449295,4314511.41146,0,0,150,4.97,0,2,0
1,O5E,52,40,568123.659471,4314507.05247,0,0,150,4.97,0,2,0
1,O5E,54,40,568128.869647,4314502.69348,0,0,150,4.97,0,2,0
1,O5E,56,40,568134.079823,4314498.33449,0,0,150,4.97,0,2,0
1,O5E,58,40,568139.289999,4314493.9755,0,0,150,4.97,0,2,0
1,O5E,60,40,568144.500175,4314489.61651,0,0,150,4.97,0,2,0
1,O5E,62,40,568149.710351,4314485.25752,0,0,150,4.97,0,2,0
1,O1B,03,20,567461.049809,4315266.03543,0,0,154,1.777,0,2,0
1,O1B,05,20,567466.042362,4315261.85244,0,0,154,1.777,0,2,0
1,O1B,07,20,567471.034915,4315257.66945,0,0,154,1.777,0,2,0
1,O1B,09,20,567476.027468,4315253.48646,0,0,154,1.777,0,2,0
1,O1B,13,20,567486.012574,4315245.12047,0,0,154,1.777,0,2,0
1,O1B,15,20,567491.005127,4315240.93748,0,0,154,1.777,0,2,0
1,O1B,17,20,567495.997679,4315236.75448,0,0,154,1.777,0,2,0
1,O1B,19,20,567500.990232,4315232.57149,0,0,154,1.777,0,2,0
1,O1B,21,20,567505.982785,4315228.3885,0,0,154,1.777,0,2,0
1,O1B,11,20,567481.020021,4315249.30346,0,0,154,1.777,0,2,0
1,O1B,23,20,567510.89394,4315224.27371,0,0,154,1.777,0,2,0
1,O1B,25,20,567515.805153,4315220.15886,0,0,154,1.777,0,2,0
1,O1B,27,20,567520.716366,4315216.04402,0,0,154,1.777,0,2,0
1,O1B,29,20,567525.627578,4315211.92918,0,0,154,1.777,0,2,0
1,O1B,31,20,567530.538791,4315207.81434,0,0,154,1.777,0,2,0
1,O1B,33,20,567535.403273,4315203.73865,0,0,154,1.777,0,2,0
1,O1B,35,20,567540.267776,4315199.66294,0,0,154,1.777,0,2,0
1,O1B,37,20,567545.132278,4315195.58723,0,0,154,1.777,0,2,0
1,O1B,39,20,567549.996781,4315191.51153,0,0,154,1.777,0,2,0
1,O1B,41,20,567554.861283,4315187.43582,0,0,154,1.777,0,2,0
1,O1B,43,20,567559.765211,4315183.32708,0,0,154,1.777,0,2,0
1,O1B,45,20,567564.66923,4315179.21827,0,0,154,1.777,0,2,0
1,O1B,47,20,567569.573248,4315175.10945,0,0,154,1.777,0,2,0
1,O1B,49,20,567574.477266,4315171.00064,0,0,154,1.777,0,2,0
1,O1B,51,20,567579.381284,4315166.89183,0,0,154,1.777,0,2,0
1,O1B,53,20,567584.482536,4315162.61776,0,0,154,1.777,0,2,0
1,O1B,55,20,567589.593671,4315158.33541,0,0,154,1.777,0,2,0
1,O1B,57,20,567594.704806,4315154.05307,0,0,154,1.777,0,2,0
1,O1B,59,20,567599.815941,4315149.77072,0,0,154,1.777,0,2,0
1,O1B,61,20,567604.927076,4315145.48837,0,0,154,1.777,0,2,0
1,O1B,63,20,567610.038211,4315141.20603,0,0,154,1.777,0,2,0
1,O1B,03,21,567465.265654,4315262.5032,0,0,154,1.777,0,2,0
1,O1B,05,21,567470.258207,4315258.32021,0,0,154,1.777,0,2,0
1,O1B,07,21,567475.25076,4315254.13722,0,0,154,1.777,0,2,0
1,O1B,09,21,567480.243313,4315249.95423,0,0,154,1.777,0,2,0
1,O1B,13,21,567490.228418,4315241.58824,0,0,154,1.777,0,2,0
1,O1B,15,21,567495.220971,4315237.40525,0,0,154,1.777,0,2,0
1,O1B,17,21,567500.213524,4315233.22225,0,0,154,1.777,0,2,0
1,O1B,19,21,567505.206077,4315229.03926,0,0,154,1.777,0,2,0
1,O1B,21,21,567510.19863,4315224.85627,0,0,154,1.777,0,2,0
1,O1B,11,21,567485.235866,4315245.77123,0,0,154,1.777,0,2,0
1,O1B,23,21,567515.109784,4315220.74147,0,0,154,1.777,0,2,0
1,O1B,25,21,567520.020997,4315216.62663,0,0,154,1.777,0,2,0
1,O1B,27,21,567524.93221,4315212.51179,0,0,154,1.777,0,2,0
1,O1B,29,21,567529.843423,4315208.39695,0,0,154,1.777,0,2,0
1,O1B,31,21,567534.754636,4315204.2821,0,0,154,1.777,0,2,0
1,O1B,33,21,567539.619118,4315200.20642,0,0,154,1.777,0,2,0
1,O1B,35,21,567544.483621,4315196.13071,0,0,154,1.777,0,2,0
1,O1B,37,21,567549.348123,4315192.055,0,0,154,1.777,0,2,0
1,O1B,39,21,567554.212626,4315187.9793,0,0,154,1.777,0,2,0
1,O1B,41,21,567559.077128,4315183.90359,0,0,154,1.777,0,2,0
1,O1B,43,21,567563.981056,4315179.79485,0,0,154,1.777,0,2,0
1,O1B,45,21,567568.885074,4315175.68604,0,0,154,1.777,0,2,0
1,O1B,47,21,567573.789092,4315171.57722,0,0,154,1.777,0,2,0
1,O1B,49,21,567578.693111,4315167.46841,0,0,154,1.777,0,2,0
1,O1B,51,21,567583.597129,4315163.35959,0,0,154,1.777,0,2,0
1,O1B,53,21,567588.698381,4315159.08553,0,0,154,1.777,0,2,0
1,O1B,55,21,567593.809516,4315154.80318,0,0,154,1.777,0,2,0
1,O1B,57,21,567598.920651,4315150.52084,0,0,154,1.777,0,2,0
1,O1B,59,21,567604.031786,4315146.23849,0,0,154,1.777,0,2,0
1,O1B,61,21,567609.142921,4315141.95614,0,0,154,1.777,0,2,0
1,O1B,63,21,567614.254056,4315137.6738,0,0,154,1.777,0,2,0
1,02B,03,20,567424.425835,4315221.47366,0,0,13,1.081,0,2,1
1,02B,05,20,567429.382982,4315217.32496,0,0,13,1.081,0,2,1
1,02B,07,20,567434.34013,4315213.17625,0,0,13,1.081,0,2,1
1,02B,09,20,567439.297277,4315209.02754,0,0,13,1.081,0,2,1
1,02B,13,20,567449.211572,4315200.73012,0,0,13,1.081,0,2,1
1,02B,15,20,567454.16872,4315196.58142,0,0,13,1.081,0,2,1
1,02B,17,20,567459.125867,4315192.43271,0,0,13,1.081,0,2,1
1,02B,19,20,567464.083015,4315188.284,0,0,13,1.081,0,2,1
1,02B,21,20,567469.040162,4315184.13529,0,0,13,1.081,0,2,1
1,02B,11,20,567444.254425,4315204.87883,0,0,13,1.081,0,2,1
1,02B,23,20,567474.143805,4315179.86398,0,0,13,1.081,0,2,1
1,02B,25,20,567479.247677,4315175.59248,0,0,13,1.081,0,2,1
1,02B,27,20,567484.351548,4315171.32097,0,0,13,1.081,0,2,1
1,02B,29,20,567489.45542,4315167.04947,0,0,13,1.081,0,2,1
1,02B,31,20,567494.559292,4315162.77796,0,0,13,1.081,0,2,1
1,02B,33,20,567499.305085,4315158.80614,0,0,13,1.081,0,2,1
1,02B,35,20,567504.05313,4315154.83243,0,0,13,1.081,0,2,1
1,02B,37,20,567508.801175,4315150.85873,0,0,13,1.081,0,2,1
1,02B,39,20,567513.54922,4315146.88502,0,0,13,1.081,0,2,1
1,02B,41,20,567518.297265,4315142.91131,0,0,13,1.081,0,2,1
1,02B,43,20,567523.244989,4315138.77049,0,0,13,1.081,0,2,1
1,02B,45,20,567528.195141,4315134.62764,0,0,13,1.081,0,2,1
1,02B,47,20,567533.145293,4315130.48478,0,0,13,1.081,0,2,1
1,02B,49,20,567538.095446,4315126.34193,0,0,13,1.081,0,2,1
1,02B,51,20,567543.045598,4315122.19908,0,0,13,1.081,0,2,1
1,02B,53,20,567547.987339,4315118.06326,0,0,13,1.081,0,2,1
1,02B,55,20,567552.929096,4315113.92743,0,0,13,1.081,0,2,1
1,02B,57,20,567557.870853,4315109.79161,0,0,13,1.081,0,2,1
1,02B,59,20,567562.81261,4315105.65578,0,0,13,1.081,0,2,1
1,02B,61,20,567567.754366,4315101.51995,0,0,13,1.081,0,2,1
1,02B,63,20,567572.696123,4315097.38412,0,0,13,1.081,0,2,1
1,02B,03,21,567428.643614,4315217.94374,0,0,13,1.081,0,2,1
1,02B,05,21,567433.600762,4315213.79504,0,0,13,1.081,0,2,1
1,02B,07,21,567438.557909,4315209.64633,0,0,13,1.081,0,2,1
1,02B,09,21,567443.515057,4315205.49762,0,0,13,1.081,0,2,1
1,02B,13,21,567453.429352,4315197.2002,0,0,13,1.081,0,2,1
1,02B,15,21,567458.386499,4315193.0515,0,0,13,1.081,0,2,1
1,02B,17,21,567463.343647,4315188.90279,0,0,13,1.081,0,2,1
1,02B,19,21,567468.300794,4315184.75408,0,0,13,1.081,0,2,1
1,02B,21,21,567473.257942,4315180.60537,0,0,13,1.081,0,2,1
1,02B,11,21,567448.472204,4315201.34891,0,0,13,1.081,0,2,1
1,02B,23,21,567478.361584,4315176.33406,0,0,13,1.081,0,2,1
1,02B,25,21,567483.465456,4315172.06256,0,0,13,1.081,0,2,1
1,02B,27,21,567488.569328,4315167.79105,0,0,13,1.081,0,2,1
1,02B,29,21,567493.6732,4315163.51955,0,0,13,1.081,0,2,1
1,02B,31,21,567498.777071,4315159.24804,0,0,13,1.081,0,2,1
1,02B,33,21,567503.522864,4315155.27622,0,0,13,1.081,0,2,1
1,02B,35,21,567508.270909,4315151.30251,0,0,13,1.081,0,2,1
1,02B,37,21,567513.018954,4315147.32881,0,0,13,1.081,0,2,1
1,02B,39,21,567517.766999,4315143.3551,0,0,13,1.081,0,2,1
1,02B,41,21,567522.515044,4315139.38139,0,0,13,1.081,0,2,1
1,02B,43,21,567527.462768,4315135.24057,0,0,13,1.081,0,2,1
1,02B,45,21,567532.41292,4315131.09772,0,0,13,1.081,0,2,1
1,02B,47,21,567537.363073,4315126.95486,0,0,13,1.081,0,2,1
1,02B,49,21,567542.313225,4315122.81201,0,0,13,1.081,0,2,1
1,02B,51,21,567547.263377,4315118.66916,0,0,13,1.081,0,2,1
1,02B,53,21,567552.205118,4315114.53334,0,0,13,1.081,0,2,1
1,02B,55,21,567557.146875,4315110.39751,0,0,13,1.081,0,2,1
1,02B,57,21,567562.088632,4315106.26169,0,0,13,1.081,0,2,1
1,02B,59,21,567567.030389,4315102.12586,0,0,13,1.081,0,2,1
1,02B,61,21,567571.972146,4315097.99003,0,0,13,1.081,0,2,1
1,02B,63,21,567576.913903,4315093.8542,0,0,13,1.081,0,2,1
1,O3B,03,20,567410.856627,4315203.63274,0,0,156,1.699,0,2,0
1,O3B,05,20,567415.683587,4315199.59428,0,0,156,1.699,0,2,0
1,O3B,07,20,567420.510548,4315195.55581,0,0,156,1.699,0,2,0
1,O3B,09,20,567425.337508,4315191.51734,0,0,156,1.699,0,2,0
1,O3B,13,20,567434.991429,4315183.4404,0,0,156,1.699,0,2,0
1,O3B,15,20,567439.81839,4315179.40193,0,0,156,1.699,0,2,0
1,O3B,17,20,567444.64535,4315175.36346,0,0,156,1.699,0,2,0
1,O3B,19,20,567449.47231,4315171.32499,0,0,156,1.699,0,2,0
1,O3B,21,20,567454.299271,4315167.28652,0,0,156,1.699,0,2,0
1,O3B,11,20,567430.164469,4315187.47887,0,0,156,1.699,0,2,0
1,O3B,23,20,567459.262318,4315163.1342,0,0,156,1.699,0,2,0
1,O3B,25,20,567464.263754,4315158.94975,0,0,156,1.699,0,2,0
1,O3B,27,20,567469.26519,4315154.76531,0,0,156,1.699,0,2,0
1,O3B,29,20,567474.266626,4315150.58087,0,0,156,1.699,0,2,0
1,O3B,31,20,567479.268062,4315146.39642,0,0,156,1.699,0,2,0
1,O3B,33,20,567484.248383,4315142.22965,0,0,156,1.699,0,2,0
1,O3B,35,20,567489.248379,4315138.04641,0,0,156,1.699,0,2,0
1,O3B,37,20,567494.248374,4315133.86317,0,0,156,1.699,0,2,0
1,O3B,39,20,567499.24837,4315129.67993,0,0,156,1.699,0,2,0
1,O3B,41,20,567504.248365,4315125.49669,0,0,156,1.699,0,2,0
1,O3B,43,20,567509.143746,4315121.40098,0,0,156,1.699,0,2,0
1,O3B,45,20,567514.039325,4315117.3051,0,0,156,1.699,0,2,0
1,O3B,47,20,567518.934905,4315113.20922,0,0,156,1.699,0,2,0
1,O3B,49,20,567523.830485,4315109.11334,0,0,156,1.699,0,2,0
1,O3B,51,20,567528.726064,4315105.01746,0,0,156,1.699,0,2,0
1,O3B,53,20,567533.622838,4315100.92058,0,0,156,1.699,0,2,0
1,O3B,55,20,567538.519713,4315096.82362,0,0,156,1.699,0,2,0
1,O3B,57,20,567543.416588,4315092.72666,0,0,156,1.699,0,2,0
1,O3B,59,20,567548.313462,4315088.6297,0,0,156,1.699,0,2,0
1,O3B,61,20,567553.210337,4315084.53273,0,0,156,1.699,0,2,0
1,O3B,63,20,567558.107212,4315080.43577,0,0,156,1.699,0,2,0
1,O3B,03,21,567415.074959,4315200.10348,0,0,156,1.699,0,2,0
1,O3B,05,21,567419.901919,4315196.06502,0,0,156,1.699,0,2,0
1,O3B,07,21,567424.728879,4315192.02655,0,0,156,1.699,0,2,0
1,O3B,09,21,567429.55584,4315187.98808,0,0,156,1.699,0,2,0
1,O3B,13,21,567439.209761,4315179.91114,0,0,156,1.699,0,2,0
1,O3B,15,21,567444.036721,4315175.87267,0,0,156,1.699,0,2,0
1,O3B,17,21,567448.863681,4315171.8342,0,0,156,1.699,0,2,0
1,O3B,19,21,567453.690642,4315167.79573,0,0,156,1.699,0,2,0
1,O3B,21,21,567458.517602,4315163.75726,0,0,156,1.699,0,2,0
1,O3B,11,21,567434.3828,4315183.94961,0,0,156,1.699,0,2,0
1,O3B,23,21,567463.48065,4315159.60494,0,0,156,1.699,0,2,0
1,O3B,25,21,567468.482086,4315155.42049,0,0,156,1.699,0,2,0
1,O3B,27,21,567473.483521,4315151.23605,0,0,156,1.699,0,2,0
1,O3B,29,21,567478.484957,4315147.05161,0,0,156,1.699,0,2,0
1,O3B,31,21,567483.486393,4315142.86716,0,0,156,1.699,0,2,0
1,O3B,33,21,567488.466715,4315138.70039,0,0,156,1.699,0,2,0
1,O3B,35,21,567493.46671,4315134.51715,0,0,156,1.699,0,2,0
1,O3B,37,21,567498.466706,4315130.33391,0,0,156,1.699,0,2,0
1,O3B,39,21,567503.466701,4315126.15067,0,0,156,1.699,0,2,0
1,O3B,41,21,567508.466697,4315121.96743,0,0,156,1.699,0,2,0
1,O3B,43,21,567513.362077,4315117.87172,0,0,156,1.699,0,2,0
1,O3B,45,21,567518.257657,4315113.77584,0,0,156,1.699,0,2,0
1,O3B,47,21,567523.153237,4315109.67996,0,0,156,1.699,0,2,0
1,O3B,49,21,567528.048816,4315105.58408,0,0,156,1.699,0,2,0
1,O3B,51,21,567532.944396,4315101.4882,0,0,156,1.699,0,2,0
1,O3B,53,21,567537.84117,4315097.39132,0,0,156,1.699,0,2,0
1,O3B,55,21,567542.738044,4315093.29436,0,0,156,1.699,0,2,0
1,O3B,57,21,567547.634919,4315089.1974,0,0,156,1.699,0,2,0
1,O3B,59,21,567552.531794,4315085.10044,0,0,156,1.699,0,2,0
1,O3B,61,21,567557.428669,4315081.00347,0,0,156,1.699,0,2,0
1,O3B,63,21,567562.325543,4315076.90651,0,0,156,1.699,0,2,0
1,O4B,03,20,567374.578071,4315163.02004,0,0,158,2.996,0,2,0
1,O4B,05,20,567379.590426,4315158.82419,0,0,158,2.996,0,2,0
1,O4B,07,20,567384.602781,4315154.62834,0,0,158,2.996,0,2,0
1,O4B,09,20,567389.615136,4315150.43248,0,0,158,2.996,0,2,0
1,O4B,13,20,567399.639845,4315142.04078,0,0,158,2.996,0,2,0
1,O4B,15,20,567404.6522,4315137.84493,0,0,158,2.996,0,2,0
1,O4B,17,20,567409.664555,4315133.64907,0,0,158,2.996,0,2,0
1,O4B,19,20,567414.67691,4315129.45322,0,0,158,2.996,0,2,0
1,O4B,21,20,567419.689264,4315125.25737,0,0,158,2.996,0,2,0
1,O4B,11,20,567394.62749,4315146.23663,0,0,158,2.996,0,2,0
1,O4B,23,20,567424.558789,4315121.18108,0,0,158,2.996,0,2,0
1,O4B,25,20,567429.429017,4315117.1042,0,0,158,2.996,0,2,0
1,O4B,27,20,567434.299245,4315113.02732,0,0,158,2.996,0,2,0
1,O4B,29,20,567439.169473,4315108.95045,0,0,158,2.996,0,2,0
1,O4B,31,20,567444.039701,4315104.87357,0,0,158,2.996,0,2,0
1,O4B,33,20,567449.038532,4315100.68904,0,0,158,2.996,0,2,0
1,O4B,35,20,567454.037374,4315096.5045,0,0,158,2.996,0,2,0
1,O4B,37,20,567459.036216,4315092.31996,0,0,158,2.996,0,2,0
1,O4B,39,20,567464.035058,4315088.13541,0,0,158,2.996,0,2,0
1,O4B,41,20,567469.033899,4315083.95087,0,0,158,2.996,0,2,0
1,O4B,43,20,567474.015702,4315079.7806,0,0,158,2.996,0,2,0
1,O4B,45,20,567478.997829,4315075.61005,0,0,158,2.996,0,2,0
1,O4B,47,20,567483.979955,4315071.4395,0,0,158,2.996,0,2,0
1,O4B,49,20,567488.962082,4315067.26895,0,0,158,2.996,0,2,0
1,O4B,51,20,567493.944209,4315063.0984,0,0,158,2.996,0,2,0
1,O4B,53,20,567498.789781,4315059.04216,0,0,158,2.996,0,2,0
1,O4B,55,20,567503.635422,4315054.98587,0,0,158,2.996,0,2,0
1,O4B,57,20,567508.481063,4315050.92957,0,0,158,2.996,0,2,0
1,O4B,59,20,567513.326703,4315046.87328,0,0,158,2.996,0,2,0
1,O4B,61,20,567518.172344,4315042.81698,0,0,158,2.996,0,2,0
1,O4B,63,20,567523.017984,4315038.76069,0,0,158,2.996,0,2,0
1,O4B,03,21,567378.795461,4315159.48966,0,0,158,2.996,0,2,0
1,O4B,05,21,567383.807816,4315155.2938,0,0,158,2.996,0,2,0
1,O4B,07,21,567388.820171,4315151.09795,0,0,158,2.996,0,2,0
1,O4B,09,21,567393.832525,4315146.9021,0,0,158,2.996,0,2,0
1,O4B,13,21,567403.857235,4315138.51039,0,0,158,2.996,0,2,0
1,O4B,15,21,567408.86959,4315134.31454,0,0,158,2.996,0,2,0
1,O4B,17,21,567413.881945,4315130.11869,0,0,158,2.996,0,2,0
1,O4B,19,21,567418.894299,4315125.92284,0,0,158,2.996,0,2,0
1,O4B,21,21,567423.906654,4315121.72698,0,0,158,2.996,0,2,0
1,O4B,11,21,567398.84488,4315142.70625,0,0,158,2.996,0,2,0
1,O4B,23,21,567428.776179,4315117.65069,0,0,158,2.996,0,2,0
1,O4B,25,21,567433.646407,4315113.57382,0,0,158,2.996,0,2,0
1,O4B,27,21,567438.516635,4315109.49694,0,0,158,2.996,0,2,0
1,O4B,29,21,567443.386863,4315105.42006,0,0,158,2.996,0,2,0
1,O4B,31,21,567448.257091,4315101.34318,0,0,158,2.996,0,2,0
1,O4B,33,21,567453.255922,4315097.15865,0,0,158,2.996,0,2,0
1,O4B,35,21,567458.254763,4315092.97411,0,0,158,2.996,0,2,0
1,O4B,37,21,567463.253605,4315088.78957,0,0,158,2.996,0,2,0
1,O4B,39,21,567468.252447,4315084.60503,0,0,158,2.996,0,2,0
1,O4B,41,21,567473.251289,4315080.42049,0,0,158,2.996,0,2,0
1,O4B,43,21,567478.233092,4315076.25021,0,0,158,2.996,0,2,0
1,O4B,45,21,567483.215218,4315072.07966,0,0,158,2.996,0,2,0
1,O4B,47,21,567488.197345,4315067.90911,0,0,158,2.996,0,2,0
1,O4B,49,21,567493.179472,4315063.73857,0,0,158,2.996,0,2,0
1,O4B,51,21,567498.161599,4315059.56802,0,0,158,2.996,0,2,0
1,O4B,53,21,567503.007171,4315055.51178,0,0,158,2.996,0,2,0
1,O4B,55,21,567507.852812,4315051.45548,0,0,158,2.996,0,2,0
1,O4B,57,21,567512.698452,4315047.39919,0,0,158,2.996,0,2,0
1,O4B,59,21,567517.544093,4315043.34289,0,0,158,2.996,0,2,0
1,O4B,61,21,567522.389733,4315039.2866,0,0,158,2.996,0,2,0
1,O4B,63,21,567527.235374,4315035.2303,0,0,158,2.996,0,2,0
1,O4B,03,20,567374.578071,4315163.02004,0,0,158,2.996,0,2,0
1,O4B,05,20,567379.590426,4315158.82419,0,0,158,2.996,0,2,0
1,O4B,07,20,567384.602781,4315154.62834,0,0,158,2.996,0,2,0
1,O4B,09,20,567389.615136,4315150.43248,0,0,158,2.996,0,2,0
1,O4B,13,20,567399.639845,4315142.04078,0,0,158,2.996,0,2,0
1,O4B,15,20,567404.6522,4315137.84493,0,0,158,2.996,0,2,0
1,O4B,17,20,567409.664555,4315133.64907,0,0,158,2.996,0,2,0
1,O4B,19,20,567414.67691,4315129.45322,0,0,158,2.996,0,2,0
1,O4B,21,20,567419.689264,4315125.25737,0,0,158,2.996,0,2,0
1,O4B,11,20,567394.62749,4315146.23663,0,0,158,2.996,0,2,0
1,O4B,23,20,567424.558789,4315121.18108,0,0,158,2.996,0,2,0
1,O4B,25,20,567429.429017,4315117.1042,0,0,158,2.996,0,2,0
1,O4B,27,20,567434.299245,4315113.02732,0,0,158,2.996,0,2,0
1,O4B,29,20,567439.169473,4315108.95045,0,0,158,2.996,0,2,0
1,O4B,31,20,567444.039701,4315104.87357,0,0,158,2.996,0,2,0
1,O4B,33,20,567449.038532,4315100.68904,0,0,158,2.996,0,2,0
1,O4B,35,20,567454.037374,4315096.5045,0,0,158,2.996,0,2,0
1,O4B,37,20,567459.036216,4315092.31996,0,0,158,2.996,0,2,0
1,O4B,39,20,567464.035058,4315088.13541,0,0,158,2.996,0,2,0
1,O4B,41,20,567469.033899,4315083.95087,0,0,158,2.996,0,2,0
1,O4B,43,20,567474.015702,4315079.7806,0,0,158,2.996,0,2,0
1,O4B,45,20,567478.997829,4315075.61005,0,0,158,2.996,0,2,0
1,O4B,47,20,567483.979955,4315071.4395,0,0,158,2.996,0,2,0
1,O4B,49,20,567488.962082,4315067.26895,0,0,158,2.996,0,2,0
1,O4B,51,20,567493.944209,4315063.0984,0,0,158,2.996,0,2,0
1,O4B,53,20,567498.789781,4315059.04216,0,0,158,2.996,0,2,0
1,O4B,55,20,567503.635422,4315054.98587,0,0,158,2.996,0,2,0
1,O4B,57,20,567508.481063,4315050.92957,0,0,158,2.996,0,2,0
1,O4B,59,20,567513.326703,4315046.87328,0,0,158,2.996,0,2,0
1,O4B,61,20,567518.172344,4315042.81698,0,0,158,2.996,0,2,0
1,O4B,63,20,567523.017984,4315038.76069,0,0,158,2.996,0,2,0
1,O4B,03,21,567378.795461,4315159.48966,0,0,158,2.996,0,2,0
1,O4B,05,21,567383.807816,4315155.2938,0,0,158,2.996,0,2,0
1,O4B,07,21,567388.820171,4315151.09795,0,0,158,2.996,0,2,0
1,O4B,09,21,567393.832525,4315146.9021,0,0,158,2.996,0,2,0
1,O4B,13,21,567403.857235,4315138.51039,0,0,158,2.996,0,2,0
1,O4B,15,21,567408.86959,4315134.31454,0,0,158,2.996,0,2,0
1,O4B,17,21,567413.881945,4315130.11869,0,0,158,2.996,0,2,0
1,O4B,19,21,567418.894299,4315125.92284,0,0,158,2.996,0,2,0
1,O4B,21,21,567423.906654,4315121.72698,0,0,158,2.996,0,2,0
1,O4B,11,21,567398.84488,4315142.70625,0,0,158,2.996,0,2,0
1,O4B,23,21,567428.776179,4315117.65069,0,0,158,2.996,0,2,0
1,O4B,25,21,567433.646407,4315113.57382,0,0,158,2.996,0,2,0
1,O4B,27,21,567438.516635,4315109.49694,0,0,158,2.996,0,2,0
1,O4B,29,21,567443.386863,4315105.42006,0,0,158,2.996,0,2,0
1,O4B,31,21,567448.257091,4315101.34318,0,0,158,2.996,0,2,0
1,O4B,33,21,567453.255922,4315097.15865,0,0,158,2.996,0,2,0
1,O4B,35,21,567458.254763,4315092.97411,0,0,158,2.996,0,2,0
1,O4B,37,21,567463.253605,4315088.78957,0,0,158,2.996,0,2,0
1,O4B,39,21,567468.252447,4315084.60503,0,0,158,2.996,0,2,0
1,O4B,41,21,567473.251289,4315080.42049,0,0,158,2.996,0,2,0
1,O4B,43,21,567478.233092,4315076.25021,0,0,158,2.996,0,2,0
1,O4B,45,21,567483.215218,4315072.07966,0,0,158,2.996,0,2,0
1,O4B,47,21,567488.197345,4315067.90911,0,0,158,2.996,0,2,0
1,O4B,49,21,567493.179472,4315063.73857,0,0,158,2.996,0,2,0
1,O4B,51,21,567498.161599,4315059.56802,0,0,158,2.996,0,2,0
1,O4B,53,21,567503.007171,4315055.51178,0,0,158,2.996,0,2,0
1,O4B,55,21,567507.852812,4315051.45548,0,0,158,2.996,0,2,0
1,O4B,57,21,567512.698452,4315047.39919,0,0,158,2.996,0,2,0
1,O4B,59,21,567517.544093,4315043.34289,0,0,158,2.996,0,2,0
1,O4B,61,21,567522.389733,4315039.2866,0,0,158,2.996,0,2,0
1,O4B,63,21,567527.235374,4315035.2303,0,0,158,2.996,0,2,0
1,O1E,03,20,568101.68499,4314729.84467,0,0,157,1.97,0,2,0
1,O1E,05,20,568106.662747,4314725.67804,0,0,157,1.97,0,2,0
1,O1E,07,20,568111.640503,4314721.5114,0,0,157,1.97,0,2,0
1,O1E,09,20,568116.61826,4314717.34476,0,0,157,1.97,0,2,0
1,O1E,13,20,568126.573774,4314709.01149,0,0,157,1.97,0,2,0
1,O1E,15,20,568131.55153,4314704.84485,0,0,157,1.97,0,2,0
1,O1E,17,20,568136.529287,4314700.67822,0,0,157,1.97,0,2,0
1,O1E,19,20,568141.507044,4314696.51158,0,0,157,1.97,0,2,0
1,O1E,21,20,568146.484801,4314692.34494,0,0,157,1.97,0,2,0
1,O1E,11,20,568121.596017,4314713.17813,0,0,157,1.97,0,2,0
1,O1E,23,20,568151.421698,4314688.21251,0,0,157,1.97,0,2,0
1,O1E,25,20,568156.359283,4314684.0795,0,0,157,1.97,0,2,0
1,O1E,27,20,568161.296867,4314679.94649,0,0,157,1.97,0,2,0
1,O1E,29,20,568166.234452,4314675.81348,0,0,157,1.97,0,2,0
1,O1E,31,20,568171.172036,4314671.68047,0,0,157,1.97,0,2,0
1,O1E,33,20,568176.076668,4314667.57504,0,0,157,1.97,0,2,0
1,O1E,35,20,568180.98137,4314663.46956,0,0,157,1.97,0,2,0
1,O1E,37,20,568185.886071,4314659.36407,0,0,157,1.97,0,2,0
1,O1E,39,20,568190.790772,4314655.25858,0,0,157,1.97,0,2,0
1,O1E,41,20,568195.695473,4314651.1531,0,0,157,1.97,0,2,0
1,O1E,43,20,568200.726402,4314646.94196,0,0,157,1.97,0,2,0
1,O1E,45,20,568205.757376,4314642.73077,0,0,157,1.97,0,2,0
1,O1E,47,20,568210.78835,4314638.51959,0,0,157,1.97,0,2,0
1,O1E,49,20,568215.819324,4314634.30841,0,0,157,1.97,0,2,0
1,O1E,51,20,568220.850298,4314630.09723,0,0,157,1.97,0,2,0
1,O1E,53,20,568225.771727,4314625.97774,0,0,157,1.97,0,2,0
1,O1E,55,20,568230.693295,4314621.85814,0,0,157,1.97,0,2,0
1,O1E,57,20,568235.614863,4314617.73853,0,0,157,1.97,0,2,0
1,O1E,59,20,568240.536431,4314613.61893,0,0,157,1.97,0,2,0
1,O1E,61,20,568245.457999,4314609.49932,0,0,157,1.97,0,2,0
1,O1E,63,20,568250.379567,4314605.37972,0,0,157,1.97,0,2,0
1,O1E,03,21,568105.90293,4314726.31404,0,0,157,8.57,0,2,0
1,O1E,05,21,568110.880242,4314722.14778,0,0,157,8.57,0,2,0
1,O1E,07,21,568115.857999,4314717.98114,0,0,157,8.57,0,2,0
1,O1E,09,21,568120.835756,4314713.8145,0,0,157,8.57,0,2,0
1,O1E,13,21,568130.791269,4314705.48123,0,0,157,8.57,0,2,0
1,O1E,15,21,568135.769026,4314701.3146,0,0,157,8.57,0,2,0
1,O1E,17,21,568140.746783,4314697.14796,0,0,157,8.57,0,2,0
1,O1E,19,21,568145.72454,4314692.98132,0,0,157,8.57,0,2,0
1,O1E,21,21,568150.702296,4314688.81469,0,0,157,8.57,0,2,0
1,O1E,11,21,568125.813513,4314709.64787,0,0,157,8.57,0,2,0
1,O1E,23,21,568155.639194,4314684.68225,0,0,157,8.57,0,2,0
1,O1E,25,21,568160.576778,4314680.54924,0,0,157,8.57,0,2,0
1,O1E,27,21,568165.514363,4314676.41623,0,0,157,8.57,0,2,0
1,O1E,29,21,568170.451947,4314672.28322,0,0,157,8.57,0,2,0
1,O1E,31,21,568175.389532,4314668.15021,0,0,157,8.57,0,2,0
1,O1E,33,21,568180.294164,4314664.04478,0,0,157,8.57,0,2,0
1,O1E,35,21,568185.198865,4314659.9393,0,0,157,8.57,0,2,0
1,O1E,37,21,568190.103567,4314655.83381,0,0,157,8.57,0,2,0
1,O1E,39,21,568195.008268,4314651.72833,0,0,157,8.57,0,2,0
1,O1E,41,21,568199.912969,4314647.62284,0,0,157,8.57,0,2,0
1,O1E,43,21,568204.943898,4314643.4117,0,0,157,8.57,0,2,0
1,O1E,45,21,568209.974872,4314639.20051,0,0,157,8.57,0,2,0
1,O1E,47,21,568215.005846,4314634.98933,0,0,157,8.57,0,2,0
1,O1E,49,21,568220.036819,4314630.77815,0,0,157,8.57,0,2,0
1,O1E,51,21,568225.067793,4314626.56697,0,0,157,8.57,0,2,0
1,O1E,53,21,568229.989223,4314622.44748,0,0,157,8.57,0,2,0
1,O1E,55,21,568234.910791,4314618.32788,0,0,157,8.57,0,2,0
1,O1E,57,21,568239.832359,4314614.20827,0,0,157,8.57,0,2,0
1,O1E,59,21,568244.753927,4314610.08867,0,0,157,8.57,0,2,0
1,O1E,61,21,568249.675495,4314605.96907,0,0,157,8.57,0,2,0
1,O1E,63,21,568254.597063,4314601.84946,0,0,157,8.57,0,2,0
1,O2E,03,20,568065.363497,4314685.20402,0,0,153,1.97,0,2,0
1,O2E,05,20,568070.337953,4314681.04476,0,0,153,1.97,0,2,0
1,O2E,07,20,568075.312408,4314676.8855,0,0,153,1.97,0,2,0
1,O2E,09,20,568080.286863,4314672.72624,0,0,153,1.97,0,2,0
1,O2E,13,20,568090.235774,4314664.40772,0,0,153,1.97,0,2,0
1,O2E,15,20,568095.210229,4314660.24846,0,0,153,1.97,0,2,0
1,O2E,17,20,568100.184684,4314656.0892,0,0,153,1.97,0,2,0
1,O2E,19,20,568105.159139,4314651.92995,0,0,153,1.97,0,2,0
1,O2E,21,20,568110.133594,4314647.77069,0,0,153,1.97,0,2,0
1,O2E,11,20,568085.261318,4314668.56698,0,0,153,1.97,0,2,0
1,O2E,23,20,568115.042742,4314643.66291,0,0,153,1.97,0,2,0
1,O2E,25,20,568119.951954,4314639.55507,0,0,153,1.97,0,2,0
1,O2E,27,20,568124.861166,4314635.44724,0,0,153,1.97,0,2,0
1,O2E,29,20,568129.770378,4314631.3394,0,0,153,1.97,0,2,0
1,O2E,31,20,568134.67959,4314627.23157,0,0,153,1.97,0,2,0
1,O2E,33,20,568139.60767,4314623.10605,0,0,153,1.97,0,2,0
1,O2E,35,20,568144.536389,4314618.97999,0,0,153,1.97,0,2,0
1,O2E,37,20,568149.465109,4314614.85394,0,0,153,1.97,0,2,0
1,O2E,39,20,568154.393829,4314610.72789,0,0,153,1.97,0,2,0
1,O2E,41,20,568159.322549,4314606.60183,0,0,153,1.97,0,2,0
1,O2E,43,20,568164.260369,4314602.46749,0,0,153,1.97,0,2,0
1,O2E,45,20,568169.198257,4314598.3331,0,0,153,1.97,0,2,0
1,O2E,47,20,568174.136145,4314594.1987,0,0,153,1.97,0,2,0
1,O2E,49,20,568179.074034,4314590.0643,0,0,153,1.97,0,2,0
1,O2E,51,20,568184.011922,4314585.9299,0,0,153,1.97,0,2,0
1,O2E,53,20,568188.93902,4314581.80511,0,0,153,1.97,0,2,0
1,O2E,55,20,568193.866501,4314577.67999,0,0,153,1.97,0,2,0
1,O2E,57,20,568198.793981,4314573.55487,0,0,153,1.97,0,2,0
1,O2E,59,20,568203.721462,4314569.42975,0,0,153,1.97,0,2,0
1,O2E,61,20,568208.648942,4314565.30464,0,0,153,1.97,0,2,0
1,O2E,63,20,568213.576423,4314561.17952,0,0,153,1.97,0,2,0
1,O2E,03,21,568069.577498,4314681.66957,0,0,153,1.97,0,2,0
1,O2E,05,21,568074.554191,4314677.51299,0,0,153,1.97,0,2,0
1,O2E,07,21,568079.530393,4314673.35582,0,0,153,1.97,0,2,0
1,O2E,09,21,568084.506129,4314669.1981,0,0,153,1.97,0,2,0
1,O2E,13,21,568094.456304,4314660.88109,0,0,153,1.97,0,2,0
1,O2E,15,21,568099.430792,4314656.72187,0,0,153,1.97,0,2,0
1,O2E,17,21,568104.404913,4314652.56221,0,0,153,1.97,0,2,0
1,O2E,19,21,568109.378691,4314648.40214,0,0,153,1.97,0,2,0
1,O2E,21,21,568114.352153,4314644.2417,0,0,153,1.97,0,2,0
1,O2E,11,21,568089.481425,4314665.03985,0,0,153,1.97,0,2,0
1,O2E,23,21,568119.261572,4314640.13424,0,0,153,1.97,0,2,0
1,O2E,25,21,568124.170795,4314636.02642,0,0,153,1.97,0,2,0
1,O2E,27,21,568129.079781,4314631.91831,0,0,153,1.97,0,2,0
1,O2E,29,21,568133.988554,4314627.80995,0,0,153,1.97,0,2,0
1,O2E,31,21,568138.897138,4314623.70137,0,0,153,1.97,0,2,0
1,O2E,33,21,568143.825354,4314619.57601,0,0,153,1.97,0,2,0
1,O2E,35,21,568148.754068,4314615.44995,0,0,153,1.97,0,2,0
1,O2E,37,21,568153.682665,4314611.32375,0,0,153,1.97,0,2,0
1,O2E,39,21,568158.611167,4314607.19744,0,0,153,1.97,0,2,0
1,O2E,41,21,568163.539601,4314603.07104,0,0,153,1.97,0,2,0
1,O2E,43,21,568168.477419,4314598.9367,0,0,153,1.97,0,2,0
1,O2E,45,21,568173.415283,4314594.80227,0,0,153,1.97,0,2,0
1,O2E,47,21,568178.353151,4314590.66785,0,0,153,1.97,0,2,0
1,O2E,49,21,568183.291048,4314586.53347,0,0,153,1.97,0,2,0
1,O2E,51,21,568188.228997,4314582.39914,0,0,153,1.97,0,2,0
1,O2E,53,21,568193.155953,4314578.27417,0,0,153,1.97,0,2,0
1,O2E,55,21,568198.083393,4314574.14901,0,0,153,1.97,0,2,0
1,O2E,57,21,568203.010958,4314570.02399,0,0,153,1.97,0,2,0
1,O2E,59,21,568207.938672,4314565.89915,0,0,153,1.97,0,2,0
1,O2E,61,21,568212.86656,4314561.77452,0,0,153,1.97,0,2,0
1,O2E,63,21,568217.794646,4314557.65013,0,0,153,1.97,0,2,0
1,O3E,03,20,568049.580024,4314669.22422,0,0,152,2.05,0,2,0
1,O3E,05,20,568054.647908,4314664.98182,0,0,152,2.05,0,2,0
1,O3E,07,20,568059.715792,4314660.73943,0,0,152,2.05,0,2,0
1,O3E,09,20,568064.783676,4314656.49703,0,0,152,2.05,0,2,0
1,O3E,13,20,568074.919444,4314648.01223,0,0,152,2.05,0,2,0
1,O3E,15,20,568079.987329,4314643.76983,0,0,152,2.05,0,2,0
1,O3E,17,20,568085.055213,4314639.52743,0,0,152,2.05,0,2,0
1,O3E,19,20,568090.123097,4314635.28503,0,0,152,2.05,0,2,0
1,O3E,21,20,568095.190981,4314631.04264,0,0,152,2.05,0,2,0
1,O3E,11,20,568069.85156,4314652.25463,0,0,152,2.05,0,2,0
1,O3E,23,20,568100.165562,4314626.87834,0,0,152,2.05,0,2,0
1,O3E,25,20,568105.141228,4314622.71314,0,0,152,2.05,0,2,0
1,O3E,27,20,568110.116894,4314618.54794,0,0,152,2.05,0,2,0
1,O3E,29,20,568115.09256,4314614.38274,0,0,152,2.05,0,2,0
1,O3E,31,20,568120.068226,4314610.21754,0,0,152,2.05,0,2,0
1,O3E,33,20,568125.119713,4314605.98886,0,0,152,2.05,0,2,0
1,O3E,35,20,568130.171871,4314601.75963,0,0,152,2.05,0,2,0
1,O3E,37,20,568135.224028,4314597.5304,0,0,152,2.05,0,2,0
1,O3E,39,20,568140.276186,4314593.30116,0,0,152,2.05,0,2,0
1,O3E,41,20,568145.328343,4314589.07193,0,0,152,2.05,0,2,0
1,O3E,43,20,568150.064594,4314585.10715,0,0,152,2.05,0,2,0
1,O3E,45,20,568154.802329,4314581.14112,0,0,152,2.05,0,2,0
1,O3E,47,20,568159.540064,4314577.17509,0,0,152,2.05,0,2,0
1,O3E,49,20,568164.277799,4314573.20907,0,0,152,2.05,0,2,0
1,O3E,51,20,568169.015534,4314569.24304,0,0,152,2.05,0,2,0
1,O3E,53,20,568174.061038,4314565.01938,0,0,152,2.05,0,2,0
1,O3E,55,20,568179.108383,4314560.79417,0,0,152,2.05,0,2,0
1,O3E,57,20,568184.155729,4314556.56897,0,0,152,2.05,0,2,0
1,O3E,59,20,568189.203075,4314552.34376,0,0,152,2.05,0,2,0
1,O3E,61,20,568194.25042,4314548.11856,0,0,152,2.05,0,2,0
1,O3E,63,20,568199.297766,4314543.89335,0,0,152,2.05,0,2,0
1,O3E,03,21,568053.797388,4314665.69381,0,0,152,8.34,0,2,0
1,O3E,05,21,568058.865272,4314661.45141,0,0,152,8.34,0,2,0
1,O3E,07,21,568063.933156,4314657.20901,0,0,152,8.34,0,2,0
1,O3E,09,21,568069.001041,4314652.96661,0,0,152,8.34,0,2,0
1,O3E,13,21,568079.136809,4314644.48181,0,0,152,8.34,0,2,0
1,O3E,15,21,568084.204693,4314640.23941,0,0,152,8.34,0,2,0
1,O3E,17,21,568089.272577,4314635.99702,0,0,152,8.34,0,2,0
1,O3E,19,21,568094.340461,4314631.75462,0,0,152,8.34,0,2,0
1,O3E,21,21,568099.408345,4314627.51222,0,0,152,8.34,0,2,0
1,O3E,11,21,568074.068925,4314648.72421,0,0,152,8.34,0,2,0
1,O3E,23,21,568104.382926,4314623.34793,0,0,152,8.34,0,2,0
1,O3E,25,21,568109.358592,4314619.18272,0,0,152,8.34,0,2,0
1,O3E,27,21,568114.334258,4314615.01752,0,0,152,8.34,0,2,0
1,O3E,29,21,568119.309924,4314610.85232,0,0,152,8.34,0,2,0
1,O3E,31,21,568124.28559,4314606.68712,0,0,152,8.34,0,2,0
1,O3E,33,21,568129.337077,4314602.45845,0,0,152,8.34,0,2,0
1,O3E,35,21,568134.389235,4314598.22921,0,0,152,8.34,0,2,0
1,O3E,37,21,568139.441392,4314593.99998,0,0,152,8.34,0,2,0
1,O3E,39,21,568144.49355,4314589.77075,0,0,152,8.34,0,2,0
1,O3E,41,21,568149.545708,4314585.54151,0,0,152,8.34,0,2,0
1,O3E,43,21,568154.281959,4314581.57673,0,0,152,8.34,0,2,0
1,O3E,45,21,568159.019694,4314577.6107,0,0,152,8.34,0,2,0
1,O3E,47,21,568163.757428,4314573.64468,0,0,152,8.34,0,2,0
1,O3E,49,21,568168.495163,4314569.67865,0,0,152,8.34,0,2,0
1,O3E,51,21,568173.232898,4314565.71263,0,0,152,8.34,0,2,0
1,O3E,53,21,568178.278402,4314561.48896,0,0,152,8.34,0,2,0
1,O3E,55,21,568183.325748,4314557.26376,0,0,152,8.34,0,2,0
1,O3E,57,21,568188.373093,4314553.03855,0,0,152,8.34,0,2,0
1,O3E,59,21,568193.420439,4314548.81335,0,0,152,8.34,0,2,0
1,O3E,61,21,568198.467785,4314544.58814,0,0,152,8.34,0,2,0
1,O3E,63,21,568203.51513,4314540.36294,0,0,152,8.34,0,2,0
1,O4E,03,20,568016.646334,4314625.9697,0,0,151,1.20,0,2,0
1,O4E,05,20,568021.510529,4314621.90043,0,0,151,1.20,0,2,0
1,O4E,07,20,568026.374723,4314617.83116,0,0,151,1.20,0,2,0
1,O4E,09,20,568031.238918,4314613.76189,0,0,151,1.20,0,2,0
1,O4E,13,20,568040.967307,4314605.62335,0,0,151,1.20,0,2,0
1,O4E,15,20,568045.831502,4314601.55408,0,0,151,1.20,0,2,0
1,O4E,17,20,568050.695696,4314597.48481,0,0,151,1.20,0,2,0
1,O4E,19,20,568055.559891,4314593.41554,0,0,151,1.20,0,2,0
1,O4E,21,20,568060.424086,4314589.34627,0,0,151,1.20,0,2,0
1,O4E,11,20,568036.103113,4314609.69262,0,0,151,1.20,0,2,0
1,O4E,23,20,568065.455762,4314585.13689,0,0,151,1.20,0,2,0
1,O4E,25,20,568070.488276,4314580.92681,0,0,151,1.20,0,2,0
1,O4E,27,20,568075.52079,4314576.71673,0,0,151,1.20,0,2,0
1,O4E,29,20,568080.553304,4314572.50665,0,0,151,1.20,0,2,0
1,O4E,31,20,568085.585818,4314568.29657,0,0,151,1.20,0,2,0
1,O4E,33,20,568090.43832,4314564.23708,0,0,151,1.20,0,2,0
1,O4E,35,20,568095.290926,4314560.17751,0,0,151,1.20,0,2,0
1,O4E,37,20,568100.143532,4314556.11793,0,0,151,1.20,0,2,0
1,O4E,39,20,568104.996138,4314552.05836,0,0,151,1.20,0,2,0
1,O4E,41,20,568109.848744,4314547.99878,0,0,151,1.20,0,2,0
1,O4E,43,20,568114.785693,4314543.86865,0,0,151,1.20,0,2,0
1,O4E,45,20,568119.722695,4314539.73847,0,0,151,1.20,0,2,0
1,O4E,47,20,568124.659697,4314535.60829,0,0,151,1.20,0,2,0
1,O4E,49,20,568129.596699,4314531.47811,0,0,151,1.20,0,2,0
1,O4E,51,20,568134.5337,4314527.34793,0,0,151,1.20,0,2,0
1,O4E,53,20,568139.541625,4314523.15842,0,0,151,1.20,0,2,0
1,O4E,55,20,568144.549827,4314518.96868,0,0,151,1.20,0,2,0
1,O4E,57,20,568149.558028,4314514.77894,0,0,151,1.20,0,2,0
1,O4E,59,20,568154.56623,4314510.5892,0,0,151,1.20,0,2,0
1,O4E,61,20,568159.574431,4314506.39945,0,0,151,1.20,0,2,0
1,O4E,63,20,568164.582633,4314502.20971,0,0,151,1.20,0,2,0
1,O4E,03,21,568020.864815,4314622.44062,0,0,151,7.24,0,2,0
1,O4E,05,21,568025.72901,4314618.37135,0,0,151,7.24,0,2,0
1,O4E,07,21,568030.593205,4314614.30208,0,0,151,7.24,0,2,0
1,O4E,09,21,568035.457399,4314610.23281,0,0,151,7.24,0,2,0
1,O4E,13,21,568045.185789,4314602.09427,0,0,151,7.24,0,2,0
1,O4E,15,21,568050.049983,4314598.025,0,0,151,7.24,0,2,0
1,O4E,17,21,568054.914178,4314593.95573,0,0,151,7.24,0,2,0
1,O4E,19,21,568059.778373,4314589.88646,0,0,151,7.24,0,2,0
1,O4E,21,21,568064.642567,4314585.81719,0,0,151,7.24,0,2,0
1,O4E,11,21,568040.321594,4314606.16354,0,0,151,7.24,0,2,0
1,O4E,23,21,568069.674243,4314581.60781,0,0,151,7.24,0,2,0
1,O4E,25,21,568074.706758,4314577.39773,0,0,151,7.24,0,2,0
1,O4E,27,21,568079.739272,4314573.18765,0,0,151,7.24,0,2,0
1,O4E,29,21,568084.771786,4314568.97757,0,0,151,7.24,0,2,0
1,O4E,31,21,568089.8043,4314564.76749,0,0,151,7.24,0,2,0
1,O4E,33,21,568094.656801,4314560.708,0,0,151,7.24,0,2,0
1,O4E,35,21,568099.509407,4314556.64842,0,0,151,7.24,0,2,0
1,O4E,37,21,568104.362013,4314552.58885,0,0,151,7.24,0,2,0
1,O4E,39,21,568109.214619,4314548.52927,0,0,151,7.24,0,2,0
1,O4E,41,21,568114.067225,4314544.4697,0,0,151,7.24,0,2,0
1,O4E,43,21,568119.004175,4314540.33957,0,0,151,7.24,0,2,0
1,O4E,45,21,568123.941176,4314536.20939,0,0,151,7.24,0,2,0
1,O4E,47,21,568128.878178,4314532.07921,0,0,151,7.24,0,2,0
1,O4E,49,21,568133.81518,4314527.94903,0,0,151,7.24,0,2,0
1,O4E,51,21,568138.752182,4314523.81885,0,0,151,7.24,0,2,0
1,O4E,53,21,568143.760107,4314519.62934,0,0,151,7.24,0,2,0
1,O4E,55,21,568148.768308,4314515.4396,0,0,151,7.24,0,2,0
1,O4E,57,21,568153.77651,4314511.24986,0,0,151,7.24,0,2,0
1,O4E,59,21,568158.784711,4314507.06012,0,0,151,7.24,0,2,0
1,O4E,61,21,568163.792913,4314502.87037,0,0,151,7.24,0,2,0
1,O4E,63,21,568168.801114,4314498.68063,0,0,151,7.24,0,2,0
1,O5E,03,20,568000.818265,4314609.56415,0,0,150,1.96,0,2,0
1,O5E,05,20,568005.782106,4314605.41128,0,0,150,1.96,0,2,0
1,O5E,07,20,568010.745947,4314601.25841,0,0,150,1.96,0,2,0
1,O5E,09,20,568015.709788,4314597.10554,0,0,150,1.96,0,2,0
1,O5E,13,20,568025.63747,4314588.7998,0,0,150,1.96,0,2,0
1,O5E,15,20,568030.601311,4314584.64693,0,0,150,1.96,0,2,0
1,O5E,17,20,568035.565152,4314580.49406,0,0,150,1.96,0,2,0
1,O5E,19,20,568040.528993,4314576.34118,0,0,150,1.96,0,2,0
1,O5E,21,20,568045.492834,4314572.18831,0,0,150,1.96,0,2,0
1,O5E,11,20,568020.673629,4314592.95267,0,0,150,1.96,0,2,0
1,O5E,23,20,568050.401073,4314568.08196,0,0,150,1.96,0,2,0
1,O5E,25,20,568055.309351,4314563.97557,0,0,150,1.96,0,2,0
1,O5E,27,20,568060.21763,4314559.86919,0,0,150,1.96,0,2,0
1,O5E,29,20,568065.125909,4314555.7628,0,0,150,1.96,0,2,0
1,O5E,31,20,568070.034187,4314551.65641,0,0,150,1.96,0,2,0
1,O5E,33,20,568075.164633,4314547.36416,0,0,150,1.96,0,2,0
1,O5E,35,20,568080.295204,4314543.0718,0,0,150,1.96,0,2,0
1,O5E,37,20,568085.425774,4314538.77944,0,0,150,1.96,0,2,0
1,O5E,39,20,568090.556345,4314534.48707,0,0,150,1.96,0,2,0
1,O5E,41,20,568095.686915,4314530.19471,0,0,150,1.96,0,2,0
1,O5E,43,20,568100.21302,4314526.40806,0,0,150,1.96,0,2,0
1,O5E,45,20,568104.74006,4314522.62063,0,0,150,1.96,0,2,0
1,O5E,47,20,568109.2671,4314518.8332,0,0,150,1.96,0,2,0
1,O5E,49,20,568113.79414,4314515.04576,0,0,150,1.96,0,2,0
1,O5E,51,20,568118.32118,4314511.25833,0,0,150,1.96,0,2,0
1,O5E,53,20,568123.531371,4314506.89936,0,0,150,1.96,0,2,0
1,O5E,55,20,568128.741562,4314502.54038,0,0,150,1.96,0,2,0
1,O5E,57,20,568133.951752,4314498.18141,0,0,150,1.96,0,2,0
1,O5E,59,20,568139.161943,4314493.82244,0,0,150,1.96,0,2,0
1,O5E,61,20,568144.372134,4314489.46346,0,0,150,1.96,0,2,0
1,O5E,63,20,568149.582325,4314485.10449,0,0,150,1.96,0,2,0
1,O5E,03,21,568005.036646,4314606.03495,0,0,150,8.06,0,2,0
1,O5E,05,21,568010.000487,4314601.88208,0,0,150,8.06,0,2,0
1,O5E,07,21,568014.964328,4314597.72921,0,0,150,8.06,0,2,0
1,O5E,09,21,568019.928169,4314593.57634,0,0,150,8.06,0,2,0
1,O5E,13,21,568029.855851,4314585.2706,0,0,150,8.06,0,2,0
1,O5E,15,21,568034.819692,4314581.11773,0,0,150,8.06,0,2,0
1,O5E,17,21,568039.783533,4314576.96485,0,0,150,8.06,0,2,0
1,O5E,19,21,568044.747374,4314572.81198,0,0,150,8.06,0,2,0
1,O5E,21,21,568049.711215,4314568.65911,0,0,150,8.06,0,2,0
1,O5E,11,21,568024.89201,4314589.42347,0,0,150,8.06,0,2,0
1,O5E,23,21,568054.619454,4314564.55276,0,0,150,8.06,0,2,0
1,O5E,25,21,568059.527732,4314560.44637,0,0,150,8.06,0,2,0
1,O5E,27,21,568064.436011,4314556.33999,0,0,150,8.06,0,2,0
1,O5E,29,21,568069.34429,4314552.2336,0,0,150,8.06,0,2,0
1,O5E,31,21,568074.252568,4314548.12721,0,0,150,8.06,0,2,0
1,O5E,33,21,568079.383014,4314543.83496,0,0,150,8.06,0,2,0
1,O5E,35,21,568084.513585,4314539.5426,0,0,150,8.06,0,2,0
1,O5E,37,21,568089.644155,4314535.25023,0,0,150,8.06,0,2,0
1,O5E,39,21,568094.774726,4314530.95787,0,0,150,8.06,0,2,0
1,O5E,41,21,568099.905296,4314526.66551,0,0,150,8.06,0,2,0
1,O5E,43,21,568104.431401,4314522.87886,0,0,150,8.06,0,2,0
1,O5E,45,21,568108.958441,4314519.09143,0,0,150,8.06,0,2,0
1,O5E,47,21,568113.485481,4314515.304,0,0,150,8.06,0,2,0
1,O5E,49,21,568118.012521,4314511.51656,0,0,150,8.06,0,2,0
1,O5E,51,21,568122.539561,4314507.72913,0,0,150,8.06,0,2,0
1,O5E,53,21,568127.749752,4314503.37016,0,0,150,8.06,0,2,0
1,O5E,55,21,568132.959943,4314499.01118,0,0,150,8.06,0,2,0
1,O5E,57,21,568138.170134,4314494.65221,0,0,150,8.06,0,2,0
1,O5E,59,21,568143.380324,4314490.29324,0,0,150,8.06,0,2,0
1,O5E,61,21,568148.590515,4314485.93426,0,0,150,8.06,0,2,0
1,O5E,63,21,568153.800706,4314481.57529,0,0,150,8.06,0,2,0
1,Q100,5,40,567774.445122,4315093.19972,0,0,309,2.996,0,1,0
1,Q100,4,40,567772.05747,4315089.1879,0,0,309,2.996,0,1,0
1,Q100,3,40,567769.234711,4315085.9831,0,0,309,2.996,0,1,0
1,Q100,2,40,567766.23328,4315082.41822,0,0,309,2.996,0,1,0
1,Q09,2,40,567766.23328,4315082.41822,0,0,309,-0.80,0,1,0
1,Q09,3,40,567888.408508,4314991.18882,0,0,309,-0.80,0,1,0
1,Q09,3,20,567888.408508,4314991.18882,0,0,309,-0.80,0,1,0
1,Q09,4,40,567888.408508,4314991.18882,0,0,309,-0.80,0,1,0
1,Q09,4,20,567888.408508,4314991.18882,0,0,309,-0.80,0,1,0
1,Q12,2,40,567766.23328,4315082.41822,0,0,312,0.38,0,1,0
1,Q11,3,40,567769.234711,4315085.9831,0,0,311,0.54,0,1,0
1,Q11,2,40,567769.234711,4315085.9831,0,0,311,0.66,0,1,0
1,Q03,2,20,567514.751414,4315294.80744,0,0,303,-0.80,0,1,0
1,Q03,2,40,567514.751414,4315294.80744,0,0,303,-0.80,0,1,0
1,Q04,3,40,567515.90589,4315295.74848,0,0,304,-1.55,0,1,0
1,Q07,2,20,567514.751414,4315294.80744,0,0,307,-0.835,0,1,0
1,Q07,2,40,567514.751414,4315294.80744,0,0,307,-0.835,0,1,0
1,Q08,2,40,567514.751414,4315294.80744,0,0,308,-0.855,0,1,0
1,Q06,2,40,567514.751414,4315294.80744,0,0,306,-1.71,0,1,0
1,Q05,2,40,567478.822796,4315322.94938,0,0,305,-2.09,0,1,0
